trans_x	trans_y	trans_z	rot_x	rot_y	rot_z	dvars_std	dvars_nstd	dvars_vstd	framewise_displacement	aqi	aor
0.0	-0.0	0.0	-0.0	0.0	-0.0	n/a	n/a	n/a	n/a	0.0104018	0.00215
-0.0038	-0.1625	0.0116	1.3962634015954635e-05	-2.094395102393195e-05	-2.792526803190927e-05	1.09824038	53.81948471	0.99411676	0.18104159265358977	0.014226	0.00158
-0.0059	0.0003	0.0268	0.00016406094968746698	1.5707963267948964e-05	-9.599310885968811e-05	1.10638881	54.21879959	0.99054074	0.1928409035395586	0.0114353	0.0006
-0.0063	-0.229	0.0139	0.0001186823891356144	-2.094395102393195e-05	-0.00012740903539558605	1.30851388	64.12397766	1.0802908	0.2482723200689816	0.01702	0.00239
-0.0085	-0.0939	0.0404	0.00020943951023931956	-5.93411945678072e-05	-0.0002199114857512855	1.00955415	49.47340012	0.94967585	0.17488284075016397	0.0133312	0.00117
-0.0074	-0.1464	0.0358	0.00019198621771937622	0.00010821041362364843	-0.0002844886680750757	0.88119566	43.1831665	0.9122909	0.07067910415175946	0.0151278	0.00261
-0.0022	-0.0942	-0.0023	-0.000296705972839036	0.0001675516081914556	-0.00019198621771937622	1.08025193	52.93795776	1.0222252	0.12752679177409593	0.0129675	0.0016
-0.0029	-0.0843	-0.0039	0.00016929693744344995	0.0002443460952792061	-0.0002495820830351891	0.90839624	44.51613617	0.92567214	0.04221966313430248	0.0116631	0.00089
-0.0033	0.0897	0.0358	0.00015707963267948963	9.948376736367679e-05	-0.00022863813201125715	1.2341913	60.48178864	1.04962821	0.22300117918517104	0.0132971	0.00142
-0.0067	-0.0841	-0.0059	0.00035604716740684323	0.00013962634015954637	-0.00034906585039886593	1.23931241	60.73274612	1.05002015	0.2368768912955416	0.0113528	0.00056
-0.0115	-0.0968	0.0313	0.0003316125578789226	0.00010297442586766544	-0.0005654866776461627	0.96153349	47.12013626	0.93872782	0.06857536755335492	0.0136638	0.00112
-0.0121	-0.0573	0.0211	0.00041015237421866745	0.0002129301687433082	-0.000593411945678072	0.99467921	48.74444962	0.95033064	0.06112104136236484	0.0123993	0.00061
-0.0149	-0.2389	0.0429	0.00022863813201125715	0.00031415926535897925	-0.000736528944341607	1.26576257	62.02894211	1.07797314	0.2274930168743308	0.0186906	0.00487
-0.0089	-0.0567	0.0528	0.00022340214425527416	0.00042760566673861073	-0.0005445427266222308	1.2238071	59.97290421	1.04808562	0.2136334303427496	0.0136062	0.00122
-0.011	-0.3096	0.026	0.0002443460952792061	0.0004677482395344803	-0.0007068583470577034	1.41970718	69.57302856	1.14527917	0.2929701072127637	0.0212477	0.00991
-0.0064	-0.0435	0.0651	-5.585053606381854e-05	0.00040317105721069014	-0.0004799655442984406	1.48455191	72.75075531	1.16986398	0.33938333082130395	0.0134395	0.00202
-0.0058	-0.19	0.0269	6.981317007977319e-05	0.00039793506945470715	-0.0005811946409141118	1.11302257	54.54388809	0.99264711	0.1969064395257623	0.0153519	0.00255
-0.0042	-0.0921	0.0675	-1.5707963267948964e-05	0.0003717551306747922	-0.0005794493116621174	1.04367244	51.14537048	0.96999623	0.14577232006898158	0.0143295	0.0025
-0.0002	-0.0758	0.0372	0.00022863813201125715	0.0004537856055185257	-0.0005672320068981572	0.93136781	45.64186096	0.92822921	0.067529693744345	0.0120249	0.00114
-0.004	-0.1287	0.0438	0.000312413936106985	0.00041538836197465044	-0.0006300638599699529	0.9053297	44.36585999	0.91158091	0.07255024503556995	0.013813	0.0018
0.003	0.0609	0.0554	8.028514559173915e-05	0.00042411500823462205	-0.00038048177693476387	1.21783507	59.68024445	1.04461136	0.23272187599052035	0.0124912	0.00137
0.0026	-0.134	0.0387	0.00012217304763960306	0.0005794493116621174	-0.00045553093477052	1.1845367	58.04845428	1.01844027	0.2256135681655558	0.0134475	0.00136
0.0088	-0.0541	0.041	0.00013264502315156904	0.0006387905062299246	-0.00024609142453120044	0.90700167	44.44779587	0.90992419	0.10236263401595463	0.0123921	0.00093
0.0128	-0.1755	0.0297	0.00030194196059501896	0.00046425758103049166	-0.0001675516081914556	1.0171026	49.84331131	0.95731068	0.15781848394913137	0.0151373	0.00136
0.0195	-0.0918	-0.0051	0.00024085543677521747	0.00045902159327450867	-6.45771823237902e-05	0.96346247	47.21466827	0.93790741	0.1336648468721725	0.0118333	0.00041
0.018	-0.0892	0.0248	0.00013439035240356338	0.0004939281783143952	-2.268928027592628e-05	0.94421238	46.27131271	0.93348267	0.04316297857297023	0.0132058	0.00096
0.0165	-0.028	-0.0327	0.00017104226669544429	0.0007801621756414653	-0.00019896753472735358	1.04907537	51.41014099	0.98717651	0.14515820830351892	0.0112498	0.0005
0.0187	-0.0661	-0.0351	0.0002007128639793479	0.0007155849933176752	-9.250245035569947e-05	0.96959162	47.51502609	0.94315931	0.0527356431989674	0.0110442	0.00034
0.0238	0.0322	-0.0562	4.363323129985824e-05	0.0007470009198535729	6.45771823237902e-05	1.12226129	54.99663162	1.00703173	0.14177875959474387	0.00938487	0.00026
0.0223	-0.0897	-0.0687	-2.792526803190927e-05	0.0007470009198535729	2.6179938779914945e-05	1.15521562	56.61156464	1.02712401	0.14139778714378215	0.0106716	0.00046
0.0214	0.1074	-0.064	6.9813170079773176e-06	0.0008307767239493009	3.839724354387525e-05	1.31738031	64.55847931	1.08960296	0.20924498469497876	0.0110956	0.00083
0.0229	-0.1081	-0.1721	-0.00017976891295541595	0.0007452555906015787	-6.981317007977319e-05	1.45505154	71.30508423	1.1492868	0.34412408884673823	0.0115498	0.00123
0.006	-0.0682	-0.1632	-0.00019896753472735358	0.0004363323129985824	-0.0006021385919380437	1.21892464	59.73363876	1.08959192	0.1087223660616602	0.01142	0.00209
0.0085	0.0811	-0.1382	0.00018151424220741024	0.0005724679946541401	-0.0004328416544945937	1.26570141	62.02594376	1.08910994	0.21109571980168856	0.00856799	0.0004
0.0072	0.0525	-0.1238	-8.726646259971648e-06	0.000645771823237902	-0.00041713369122664475	1.02482712	50.22185516	0.95931501	0.05826263401595464	0.00879329	0.00033
0.0104	0.0323	-0.1732	-0.0001884955592153876	0.0008080874436733745	-0.0004537856055185257	1.0980711	53.81118774	1.01213279	0.09173682238413847	0.00893068	0.00038
0.0076	0.0827	-0.129	-0.0004537856055185257	0.0008220500776893293	-0.0005567600313861911	1.10908151	54.35075378	1.00525712	0.11651135530933791	0.0092321	0.00027
0.0127	0.0577	-0.1799	-0.0006597344572538566	0.0008325220532012951	-0.0005637413483941684	1.00611293	49.30475998	0.95583194	0.09217010721276368	0.00934458	0.00017
0.0116	0.0203	-0.1618	-0.0007504915783575615	0.0007958701389094143	-0.0005724679946541401	0.9973309	48.87439728	0.94414123	0.06340678408277789	0.00946712	0.00047
0.0149	0.0237	-0.1883	-0.0007243116395776468	0.0008098327729253688	-0.0005393067388662478	1.04969895	51.44070435	0.98321946	0.03686519142918807	0.00936061	0.00034
0.0152	-0.0082	-0.1565	-0.000932005820564972	0.0006667157742618339	-0.0005096361415823442	1.07137072	52.50273132	0.98180141	0.08302408884673819	0.0095129	0.00026
0.0209	0.136	-0.1647	-0.0010297442586766543	0.0007138396640656808	-0.0003385938748868999	1.19782007	58.69940567	1.03721178	0.17389522973054872	0.0102351	0.00025
0.0188	-0.012	-0.1633	-0.0010314895879286487	0.0006632251157578452	-0.0003665191429188092	1.18083596	57.86709595	1.03205223	0.15551425727958698	0.009004	0.00026
0.0209	0.1097	-0.1577	-0.0010471975511965976	0.000640535835481919	-0.0003316125578789226	1.10782826	54.28934097	0.99325183	0.13306519142918807	0.00931597	0.00025
0.0268	-0.0265	-0.176	-0.0011152653920243766	0.000466002910282486	-0.00019198621771937622	1.07870078	52.86194229	0.98305293	0.17951135530933793	0.00864303	0.00016
0.0301	0.1757	-0.1728	-0.001270599695451872	0.0003682644721708035	-9.075712110370512e-05	1.27563107	62.51255035	1.06345684	0.2264150919077424	0.0110627	0.00018
0.026	-0.0302	-0.2059	-0.0010559241974565693	0.0003211405823669566	-0.0002513274122871834	1.33652675	65.49675751	1.1037085	0.26421848394913133	0.0105163	0.0008
0.0306	0.1402	-0.1746	-0.001155407964820246	0.00034906585039886593	-0.0002007128639793479	1.29646146	63.53334808	1.08786069	0.21520117918517104	0.0107245	0.00036
0.0286	-0.0232	-0.1868	-0.0010035643198967395	0.00024085543677521747	-0.00020769418098732522	1.21496081	59.53939056	1.04461514	0.1909517687777566	0.0093931	0.00024
0.0292	0.1722	-0.1782	-0.0009459684545809266	0.0002129301687433082	-0.00016231562043547262	1.30444741	63.92469788	1.08272215	0.21114498469497872	0.0114132	0.0002
0.026	-0.0233	-0.1886	-0.0010332349171806431	0.00019198621771937622	-0.0002722713633111154	1.30135632	63.77322006	1.08518888	0.22000830782496453	0.00952667	0.00029
0.0243	0.1879	-0.1726	-0.0010000736613927507	0.0002024581932313422	-0.0002565634000431664	1.38063157	67.6581192	1.12695597	0.2318670597283904	0.0108376	0.0004
0.0274	-0.019	-0.2537	-0.0008883725892651138	0.00016929693744344995	-0.00028623399732707005	1.35270965	66.28980255	1.10664592	0.2998266462599716	0.0104667	0.00046
0.0252	0.0422	-0.2254	-0.0015254177662430443	-0.000312413936106985	-0.00034906585039886593	1.11476445	54.62924957	1.02789478	0.15077939518000807	0.0106684	0.00189
0.0253	0.1526	-0.216	-0.0007627088831215222	-0.0002583087292951608	-0.0003822271061867582	1.15523648	56.61259079	1.03854957	0.16239876728606195	0.00988173	0.00022
0.0244	0.1106	-0.1959	-0.0010367255756846318	-0.00021642082724729686	-0.00042760566673861073	1.05438554	51.67036819	0.97488872	0.08106415775814131	0.00940078	0.00028
0.0258	0.0471	-0.2209	-0.001059414855960558	-0.00017278759594743863	-0.0004886921905584122	1.09661317	53.73974228	0.99258934	0.09627045176977933	0.00901955	0.00024
0.0259	0.1324	-0.1862	-0.0013177235852557187	-0.0002705260340591211	-0.0004468042885105483	1.12780929	55.26851273	1.01301905	0.13999675347273538	0.0102778	0.00028
0.0277	0.0015	-0.222	-0.0011152653920243766	-0.00029321531433504735	-0.0004363323129985824	1.19941437	58.7775383	1.04105299	0.18028097245096167	0.00944263	0.00049
0.0282	0.1492	-0.1823	-0.0014311699866353504	-0.0002199114857512855	-0.00047822021504644627	1.2384901	60.69244766	1.06250959	0.20945481626213	0.0103813	0.00047
0.027	-0.0168	-0.234	-0.0008656833089891874	-0.0002583087292951608	-0.0005742133239061344	1.28155935	62.80306625	1.08726052	0.25389385150248633	0.00947088	0.00037
0.0261	0.1376	-0.19	-0.0010576695267085637	-0.00033335788713091696	-0.0005235987755982988	1.23398852	60.47185135	1.05886125	0.2151824961931484	0.00980556	0.00026
0.0264	0.0051	-0.2289	-0.001001818990644745	-0.00035604716740684323	-0.00046425758103049166	1.18203938	57.92607117	1.03316995	0.1785940505453776	0.00938261	0.00035
0.0226	0.0912	-0.1864	-0.0013055062804917586	-0.00034906585039886593	-0.0004747295565424576	1.1249994	55.1308136	1.01640538	0.14845702911834782	0.00980663	0.00028
0.0252	0.0714	-0.2254	-0.0012601277199399059	-0.00034906585039886593	-0.0004904375198104066	1.06845748	52.35997009	0.99425334	0.06445432619099008	0.0112292	0.00051
0.0166	0.0797	-0.1775	-0.0014451326206513049	-0.00039095375244672985	-0.0007138396640656808	1.07644677	52.75148392	0.99349309	0.08731474735072683	0.0109008	0.00028
0.0144	0.0794	-0.2113	-0.001085594794740473	-0.0005358160803622592	-0.0009180431865490173	1.04266369	51.09593582	0.97826032	0.07173018381548489	0.0114391	0.0005
0.0196	0.058	-0.1969	-0.0012060225131280816	-0.000593411945678072	-0.0006894050545377602	1.04244316	51.0851326	0.98438274	0.061333085785733925	0.0112655	0.00038
0.0253	0.1921	-0.2185	-0.0012409290981679683	-0.0005340707511102648	-0.0005916666164260777	1.13682795	55.71047592	1.0185105	0.17099931088596884	0.0133094	0.00052
0.0237	-0.0329	-0.2334	-0.0009197885158010115	-0.0006667157742618339	-0.0005427973973702365	1.29403841	63.41460419	1.06849597	0.26663274122871833	0.0108228	0.00022
0.0243	0.1748	-0.2127	-0.0009983283321407565	-0.000731292956585624	-0.0005131268000863328	1.23583794	60.56248093	1.04109204	0.23763937979737193	0.0128496	0.00025
0.0188	-0.0393	-0.2364	-0.0005323254218582705	-0.0007609635538695277	-0.0007470009198535729	1.2518872	61.34897614	1.04950755	0.2797773813666815	0.0103218	0.00015
0.021	0.1142	-0.212	-0.0007731808586334879	-0.0006719517620178169	-0.0007417649320975902	1.04606462	51.26259995	0.95483945	0.19685516081914556	0.0101637	9e-05
0.0179	-0.0412	-0.2481	-0.0006736970912698113	-0.0005253441048502931	-0.0009669124056048585	1.06532609	52.20651245	0.96482884	0.21816194490192337	0.0114205	0.0002
0.0195	0.1286	-0.2109	-0.0007487462491055673	-0.0005550147021341969	-0.0010629055144645468	1.12689817	55.22386551	0.98931516	0.21863564319896736	0.0107797	0.0002
0.016	0.0268	-0.2455	-0.0005794493116621174	-0.0006370451769779302	-0.0012618730491919003	0.94693011	46.40449524	0.92035092	0.1624147473507268	0.010487	0.00017
0.0132	0.0952	-0.2096	-0.0005340707511102648	-0.000710349005561692	-0.001324704902263696	0.87575126	42.91636276	0.89174361	0.11617571211037048	0.0103512	0.00013
0.0127	0.0408	-0.2447	-0.0004415683007545654	-0.0006841690667817771	-0.001335176877775662	0.85695189	41.9950943	0.88491118	0.096457718232379	0.0105258	0.0001
0.0132	0.0844	-0.2173	-0.0005166174585903216	-0.0006824237375297829	-0.0012932889757277981	0.85515028	41.90680695	0.88534975	0.07743411945678072	0.0100896	0.00017
0.0124	0.0608	-0.2519	-0.00027925268031909274	-0.0007243116395776468	-0.0014014993893514465	0.8451525	41.41686249	0.88455004	0.07837315469713707	0.0100371	0.00019
0.0093	0.0527	-0.2221	-0.0003106686068549907	-0.0008115781021773631	-0.0013718287920675431	0.81641209	40.0084343	0.87383873	0.04841764932097591	0.00944316	7e-05
0.0106	0.0276	-0.2378	-0.00027750735106709843	-0.000752236907609556	-0.0013665928043115599	0.82438427	40.3991127	0.87129913	0.04698692190558415	0.00945616	0.00012
0.0108	0.0493	-0.1985	-0.0005096361415823442	-0.000736528944341607	-0.0014835298641951804	0.89369226	43.79556274	0.90744212	0.07943869068334075	0.00919133	0.0001
0.0157	0.0922	-0.2385	-0.00048345620280242926	-0.000731292956585624	-0.0013473941825396225	0.91861629	45.01697159	0.91853808	0.09617758040957276	0.00957954	0.00014
0.0187	0.0097	-0.2389	-0.00045553093477052	-0.0007120943348136865	-0.001192059879112127	0.94747818	46.43135452	0.92557969	0.09602290966156712	0.00915504	0.00015
0.0197	0.1205	-0.2405	-0.00028623399732707005	-0.0007749261878854823	-0.0012147491593880533	1.01017904	49.50402069	0.94954582	0.1261409035395586	0.0102086	0.0002
0.0175	-0.0064	-0.2296	-0.0003385938748868999	-0.0007278022980816354	-0.0011780972450961724	1.04360473	51.14205551	0.96313223	0.14680678408277786	0.00919795	0.00017
0.017	0.1153	-0.2412	-0.0003385938748868999	-0.0008307767239493009	-0.0013072516097437528	1.03813756	50.87413406	0.96517271	0.14540643952576232	0.0107385	0.00027
0.0135	-0.0141	-0.2187	-0.00016231562043547262	-0.0007470009198535729	-0.0013212142437597075	1.056844	51.79084778	0.9818945	0.1691008346281555	0.00870091	0.00016
0.0114	0.0765	-0.2427	-2.6179938779914945e-05	-0.000804596785169386	-0.0013107422682477415	0.97738934	47.89715576	0.94311123	0.12691017612416683	0.00981975	0.00019
0.0104	-0.0533	-0.2448	-0.001001818990644745	-0.0011187560505283654	-0.001361356816555577	1.16762328	57.21960449	1.05875858	0.19992064327658224	0.0132354	0.00174
0.0156	0.2286	-0.2164	-0.00041538836197465044	-0.0010471975511965976	-0.0009634217471008699	1.55412805	76.16034698	1.21917953	0.3682962098728284	0.0123613	0.00053
0.0211	0.0107	-0.2256	-0.00048345620280242926	-0.001054178868204575	-0.0008011061266653974	1.30347705	63.87714767	1.07522177	0.24446823891356145	0.00787514	0.00014
0.0221	0.1784	-0.2135	-0.00027750735106709843	-0.0008988445647770796	-0.0007173303225696694	1.16490602	57.08644485	1.01451837	0.20305294796292772	0.010145	0.00025
0.0214	-0.063	-0.2273	-0.0003385938748868999	-0.0010122909661567112	-0.0007435102613495844	1.38033259	67.64347076	1.10558279	0.26593564319896745	0.0090403	0.00023
0.0221	0.1656	-0.2041	-0.000322885911618951	-0.0009372418083209549	-0.0006684611035138282	1.32284319	64.82618713	1.0766778	0.26079031394697305	0.0094474	0.00013
0.024	-0.0658	-0.222	-0.0001972222054753592	-0.0010349802464326373	-0.0005916666164260777	1.33133483	65.24232483	1.08130791	0.2662098315671512	0.00858837	0.00014
0.0253	0.183	-0.1771	-0.00024609142453120044	-0.0009581857593448868	-0.0005689773361501514	1.40507805	68.85612488	1.11260203	0.30241764932097587	0.0096187	0.00013
0.0249	-0.0538	-0.2039	-0.0003385938748868999	-0.0010140362954087054	-0.0006527531402458793	1.36519063	66.90143585	1.09317199	0.2756064395257623	0.00863731	0.00012
0.023	0.1496	-0.1562	-0.00035081117965086024	-0.000921533845053006	-0.0005044001538263612	1.28251243	62.84977341	1.05855338	0.2656536370769589	0.00859416	8e-05
0.0243	-0.0216	-0.2115	-0.00034208453339088857	-0.0008656833089891874	-0.00045553093477052	1.19737697	58.67769241	1.02063267	0.23347232006898155	0.00774753	0.0001
0.0235	0.0726	-0.1695	-0.000450294947014537	-0.0008691739674931761	-0.0004729842272904633	1.03350043	50.64689255	0.95869434	0.143457718232379	0.00740236	7e-05
0.0195	0.0089	-0.1935	-8.552113334772214e-05	-0.0009424777960769379	-0.0005567600313861911	1.04029655	50.97993469	0.96801052	0.11779267231731524	0.0078612	0.00017
0.0206	0.0399	-0.1649	-0.000153588974175501	-0.0009913470151327792	-0.00048171087355043494	0.97437537	47.7494545	0.94400548	0.07029931088596883	0.00795424	0.00026
0.0213	0.1014	-0.1678	-0.00011170107212763708	-0.0008290313946973065	-0.0005096361415823442	1.06788313	52.33182144	0.98567801	0.07670643952576232	0.00862604	0.00035
0.0213	0.0949	-0.1412	-0.0002652900463031381	-0.0008063421144213803	-0.0004310963252425994	1.08523393	53.18209839	1.02016464	0.045840903539558615	0.00801426	0.00017
0.025	0.1323	-0.178	-0.00023911010752322313	-0.0007906341511534313	-0.00039095375244672985	1.09525514	53.67319489	1.00079146	0.0820015237421867	0.0087378	0.00046
0.0213	0.0305	-0.1724	-0.00017278759594743863	-0.000783652834145454	-0.00042236967898262774	1.07504594	52.68283844	0.98726799	0.11633598775598299	0.00832522	0.0006
0.0211	0.0923	-0.1797	8.726646259971648e-05	-0.000778416846389471	-0.00030368728984701333	1.08098078	52.97367477	0.99138816	0.08849862177193761	0.00935549	0.00097
0.0204	-0.0326	-0.1523	5.235987755982988e-06	-0.0008203047484373349	-0.0003525565089028545	1.28712809	63.07596588	1.09227069	0.16163937979737192	0.00823456	0.00052
0.0206	0.0863	-0.1315	3.839724354387525e-05	-0.0008342673824532895	-0.0003385938748868999	1.17639327	57.64937973	1.02033779	0.1429543261909901	0.00783205	0.00052
0.0172	-0.0555	-0.1314	0.00017453292519943296	-0.0008220500776893293	-0.0004328416544945937	1.19082725	58.35672379	1.02767297	0.1574300383013606	0.00793916	0.00027
0.0189	0.1297	-0.1131	0.00010471975511965978	-0.0006998770300497262	-0.0003351032163829112	1.26083255	61.78734589	1.05271293	0.21968623279155292	0.00751644	0.00013
0.0252	-0.0155	-0.1507	0.0002129301687433082	-0.000783652834145454	-0.0002705260340591211	1.10308802	54.05704498	0.98564947	0.2019281700021583	0.00674462	0.00034
0.0252	0.1279	-0.1301	-7.155849933176751e-05	-0.000752236907609556	-0.00019198621771937622	1.14398694	56.06130219	1.01079105	0.183722220547536	0.00731313	0.00023
0.0265	0.0407	-0.1703	7.330382858376184e-05	-0.0007400196028455958	-0.00023212879051524583	1.0426892	51.09718704	0.96405023	0.138561110273768	0.00720614	0.00024
0.0268	0.0513	-0.1448	-2.4434609527920616e-05	-0.0007958701389094143	-0.00022165681500327985	0.99626333	48.8220787	0.95541082	0.044603047484373354	0.00697094	0.00014
0.0298	0.099	-0.1585	0.00014137166941154068	-0.000757472895365539	-0.0001972222054753592	1.00106061	49.05717087	0.95097942	0.07583190660056287	0.00702941	0.00022
0.0282	-0.0251	-0.1456	6.632251157578452e-05	-0.0007766715171374765	-0.00020420352248333657	1.10366535	54.08533478	0.98701964	0.14366145483078355	0.00664669	0.00017
0.0314	0.1539	-0.1323	7.155849933176751e-05	-0.0007435102613495844	-0.00020943951023931956	1.23400092	60.47245407	1.04324619	0.19768166156499295	0.00818354	0.00012
0.0272	-0.0564	-0.152	0.00019547687622336493	-0.000905825881785057	-0.00041713369122664475	1.3004539	63.72899628	1.06607314	0.2588964089157198	0.00740373	0.00015
0.0296	0.1651	-0.1297	0.00012740903539558605	-0.0007888888219014368	-0.00041189770347066176	1.36443222	66.86426544	1.10462393	0.2557120444233691	0.00869173	0.00017
0.0255	-0.0253	-0.1771	0.00033335788713091696	-0.0006806784082777885	-0.000752236907609556	1.24854267	61.18507767	1.05173585	0.27462492347489365	0.00677353	0.00018
0.0281	-0.0111	-0.1997	0.0005253441048502931	-0.00033335788713091696	-0.0008063421144213803	0.95051467	46.58015823	0.93858706	0.06907059728390358	0.00694603	0.0002
0.0345	-0.0273	-0.1924	0.0001605702911834783	-0.0005340707511102648	-0.0006911503837897545	1.03736639	50.83634567	0.99254951	0.06393392041388943	0.00796646	0.00115
0.0375	0.1651	-0.1973	0.0012060225131280816	-0.0004310963252425994	-0.0005811946409141118	1.35982966	66.63871765	1.14036396	0.2632191195343956	0.0103155	0.00045
0.0412	-0.0183	-0.2028	0.0009546951008408983	-0.0003892084231947355	-0.00047822021504644627	1.26574337	62.02800369	1.06244301	0.21240948701013568	0.00687325	0.00022
0.0496	0.1361	-0.2251	0.00102799892942466	-0.00014660765716752367	-0.00041189770347066176	1.15955389	56.82416534	1.0139955	0.20421135530933787	0.00929856	0.00029
0.0544	0.0179	-0.2268	0.0005044001538263612	-0.00030194196059501896	-0.0003298672286269283	1.12638342	55.19864273	1.00194451	0.16274817769347638	0.00823706	0.0003
0.0579	0.1063	-0.2298	0.0005707226654021458	-0.0002024581932313422	-0.0002443460952792061	1.11151743	54.47013092	1.00276161	0.10746637061435918	0.00859982	0.00024
0.0649	-0.0065	-0.2357	0.0005253441048502931	-0.0002565634000431664	-0.00014137166941154068	1.14109826	55.9197464	1.01421917	0.13582290966156713	0.00789225	0.00019
0.0689	0.0922	-0.2404	0.0006649704450098395	-0.00017453292519943296	-1.3962634015954635e-05	1.13380575	55.56237411	1.00767085	0.12485329251994332	0.00810891	0.00026
0.073	0.035	-0.2399	0.0007400196028455958	-0.0002478367537831948	0.00012042771838760874	1.05424321	51.66339493	0.97525699	0.07593716694115404	0.00785941	0.00027
0.076	0.1228	-0.2628	0.0007155849933176752	-0.0002530727415391778	0.00024260076602721178	1.12578297	55.16921616	1.0079553	0.1212921822461753	0.00948495	0.00036
0.0855	0.0466	-0.257	0.0005410520681182421	-0.0003700098014227979	0.0004677482395344803	1.08167136	53.00751877	0.99076615	0.11733087292951604	0.00816518	0.00027
0.0888	0.1606	-0.2621	0.000460766922526503	-0.000322885911618951	0.000640535835481919	1.15299559	56.5027771	1.02222723	0.13740983156715122	0.0101358	0.0004
0.0911	0.0464	-0.2684	0.000439822971502571	-0.00045553093477052	0.000619591884457987	1.14032769	55.8819809	1.01928482	0.13152664625997168	0.00827134	0.00022
0.0903	0.1513	-0.2516	0.0006440264939859076	-0.0002478367537831948	0.0006911503837897545	1.07913291	52.88311768	0.98171582	0.14667281014012148	0.0096342	0.00035
0.0905	0.0326	-0.2545	0.0005166174585903216	-0.00033684854563490564	0.000598647933434055	1.04801071	51.35797119	0.96900686	0.1372461638801498	0.0080862	0.00025
0.0939	0.1382	-0.246	0.0003385938748868999	-0.00026878070480712676	0.0007173303225696694	1.13822758	55.77906418	1.02021359	0.13573869068334077	0.00968003	0.0005
0.0935	0.0928	-0.2355	0.00017453292519943296	-0.0003892084231947355	0.0007400196028455958	1.09178698	53.50323486	1.01827149	0.07165889741755009	0.00798738	0.00033
0.0944	0.1546	-0.2642	0.00024260076602721178	-0.0003595378259108319	0.0008604473212332044	1.00308728	49.15648651	0.95647412	0.10230830782496456	0.0103204	0.00055
0.0966	0.0234	-0.2621	0.00021467549799530252	-0.0003595378259108319	0.000900589894029074	1.06593633	52.23641586	0.97711319	0.1389033920413889	0.00818133	0.00039
0.1031	0.1581	-0.2534	0.0002129301687433082	-0.0002478367537831948	0.0010768681484805013	1.07554936	52.70750427	0.97809669	0.16438623279155293	0.00996029	0.00028
0.1079	0.0555	-0.2442	0.000148352986419518	-0.00023212879051524583	0.0011746065865921838	1.01198268	49.59240723	0.95188125	0.1255011791851711	0.00769085	0.00019
0.11	0.1078	-0.2603	0.00021118483949131387	-0.00018500490071139895	0.001296779634231787	0.9307543	45.61179733	0.91597497	0.08210643952576227	0.00854468	0.00017
0.1091	0.1212	-0.2469	1.9198621771937625e-05	-0.00026354471705114377	0.0012042771838760874	0.87535512	42.89694977	0.8934733	0.04585142422074098	0.00853157	0.00012
0.1074	0.0873	-0.2696	0.00022863813201125715	-0.00027576202181510406	0.0012077678423800758	0.86894667	42.582901	0.89323392	0.06955737367536342	0.00836414	0.00013
0.1078	0.1677	-0.252	8.37758040957278e-05	-0.00026878070480712676	0.0011850785621041497	0.91769022	44.97158813	0.90814308	0.10712664625997166	0.00978696	0.00021
0.1138	0.0877	-0.2728	0.0001012290966156711	-0.0005009094953223725	0.001424188669627373	0.91662526	44.91939926	0.91011192	0.1312346095279206	0.00859755	0.00017
0.1197	0.174	-0.2517	0.00010821041362364843	-0.0005497787143782138	0.0015254177662430443	0.89075553	43.65164948	0.89740841	0.1211539816339745	0.0100152	0.00025
0.1205	0.0398	-0.2652	9.42477796076938e-05	-0.0005288347633542819	0.0015289084247470327	1.00607824	49.30306244	0.94187951	0.15041986217719375	0.00809973	0.0001
0.1225	0.1913	-0.2422	0.00010471975511965978	-0.0005393067388662478	0.0016510814723866359	1.05897641	51.8953476	0.96290728	0.18365584993317677	0.0110641	0.0003
0.1186	0.0225	-0.2422	0.00013264502315156904	-0.0004956735075663896	0.0015027284859671175	1.10606539	54.20295334	0.98628323	0.18369557428756433	0.00762165	0.00016
0.1178	0.1591	-0.2373	0.00029845130209103034	-0.00039793506945470715	0.0015393804002589986	1.02858949	50.40622711	0.95051606	0.15730983156715123	0.00978273	0.0002
0.1217	-0.0463	-0.2456	0.00017278759594743863	-0.0004677482395344803	0.0015358897417550098	1.22128308	59.84921646	1.03735404	0.22754837673636769	0.00830674	0.00012
0.1258	0.2	-0.2326	0.00012042771838760874	-0.00039793506945470715	0.0015515977050229591	1.36834824	67.05617523	1.10137659	0.27029405054537764	0.0106512	0.00025
0.1235	-0.0127	-0.2611	0.00018151424220741024	-0.00042935099599060504	0.001462585913171248	1.2405864	60.79518127	1.03689105	0.2525757121103705	0.00825536	0.00014
0.1194	0.1992	-0.2097	0.00024260076602721178	-0.00041713369122664475	0.0015079644737231008	1.27078474	62.27505493	1.05127733	0.2733341194567807	0.00996214	0.00017
0.1169	0.0467	-0.2486	0.000307177948351002	-0.00041189770347066176	0.0015027284859671175	1.14876962	56.29567719	1.00253319	0.1976524578917878	0.00790411	0.00017
0.1185	0.0329	-0.2308	0.000158824961931484	-0.0004974188368183839	0.0014556045961632708	1.01260912	49.62310791	0.97432309	0.04724990047855432	0.0080114	0.00122
0.1197	0.117	-0.228	0.0005794493116621174	-0.00028623399732707005	0.0015079644737231008	1.00037241	49.02344513	0.96049829	0.12230845333908887	0.00796455	0.00013
0.1229	0.2032	-0.1934	0.00029321531433504735	-9.599310885968811e-05	0.0018046704465621369	0.98629904	48.33377838	0.94999064	0.16265904293167438	0.0104221	0.00025
0.1249	0.0022	-0.2421	5.235987755982989e-05	-0.00011693705988362007	0.0017994344588061536	1.24825048	61.17076111	1.0413409	0.26505176877775666	0.00858706	0.00014
0.1269	0.1678	-0.2114	-1.5707963267948964e-05	-1.7453292519943296e-05	0.0018989182261698304	1.12127364	54.94823456	0.99364995	0.21165176877775663	0.00977635	0.00023
0.1251	-0.0184	-0.2166	-1.0471975511965975e-05	-5.759586531581287e-05	0.0017941984710501708	1.19427586	58.5257225	1.02140151	0.2007049157835756	0.00759172	0.00015
0.123	0.1015	-0.2107	0.00029496064358704166	9.075712110370512e-05	0.0017976891295541592	1.0038445	49.19359589	0.94079137	0.15076381320112567	0.00781494	8e-05
0.1219	0.0317	-0.1983	0.00012217304763960306	0.00014137166941154068	0.001811651763570114	0.92099643	45.13360977	0.91141717	0.09516823891356144	0.00720447	7e-05
0.1241	0.0793	-0.2247	3.490658503988659e-05	0.000307177948351002	0.0018744836166419098	0.95031309	46.57027817	0.9273091	0.09199522973054867	0.00819266	0.00014
0.1265	0.0954	-0.1931	-3.141592653589793e-05	0.00022165681500327985	0.0018989182261698304	0.91023356	44.60617447	0.90824157	0.05891391272257138	0.00809538	0.0001
0.1273	0.0555	-0.231	0.000158824961931484	0.00037524578917878077	0.001891936909161853	0.93089014	45.61845398	0.92081719	0.096140558982543	0.00829238	0.00014
0.1305	0.1699	-0.1842	8.37758040957278e-05	0.0003892084231947355	0.0019896753472735357	1.03435421	50.68872833	0.9520572	0.17373751149816968	0.00962973	0.00027
0.1275	0.0728	-0.2025	0.00013788101090755203	0.00039269908169872416	0.0019250981649497454	0.96592045	47.33512115	0.92651742	0.12450865238198015	0.00766957	0.00013
0.1289	0.1413	-0.1695	0.0001972222054753592	0.00041189770347066176	0.001954768762233649	0.91733104	44.95398712	0.9074727	0.1083105206811824	0.00863624	0.00013
0.1294	0.0448	-0.1997	0.0003473205211468716	0.00048171087355043494	0.0019844393595175526	0.96323854	47.20369339	0.92516728	0.13967910415175944	0.0072571	0.00013
0.1283	0.1166	-0.1708	0.0003211405823669566	0.00045553093477052	0.0019146261894377795	0.8921265	43.71883392	0.89717811	0.10790865238198012	0.00810128	9e-05
0.1314	0.017	-0.2065	0.0002565634000431664	0.00039269908169872416	0.0019268434942017398	0.94965941	46.53824615	0.91924085	0.14538131700797727	0.00730687	0.00015
0.1301	0.1517	-0.1486	9.250245035569947e-05	0.00027576202181510406	0.0020263272615654165	1.05558455	51.72912598	0.95892146	0.2129240888467381	0.0083124	0.00014
0.1281	0.0004	-0.1733	0.00021118483949131387	0.00022689280275926284	0.0019722220547535923	1.05734825	51.81555557	0.95834187	0.189082840750164	0.00693417	7e-05
0.1262	0.1523	-0.1448	6.45771823237902e-05	0.0002181661564992912	0.002064724505109292	1.08296371	53.07084656	0.97339158	0.19469183768915968	0.00854957	0.00014
0.1235	0.0087	-0.1757	0.0001675516081914556	0.00021118483949131387	0.001954768762233649	1.05429471	51.66592026	0.95639115	0.18819557428756428	0.00664306	8e-05
0.121	0.118	-0.1336	5.235987755982988e-06	0.00018675022996339323	0.0018884462506578647	0.96348292	47.21566772	0.92290145	0.16655363707695886	0.00727308	8e-05
0.1203	-0.0459	-0.1783	0.0	0.0001361356816555577	0.0018291050560900572	1.11811697	54.79354095	0.98249422	0.21505958653158128	0.00706297	8e-05
0.1219	0.1089	-0.1386	-0.00016231562043547262	5.585053606381854e-05	0.0018570303241219666	1.11550438	54.66551208	0.98821765	0.209626301702956	0.00750923	0.00014
0.1204	-0.0015	-0.1823	4.71238898038469e-05	6.108652381980153e-05	0.0017505652397503124	1.01546156	49.76289368	0.94807249	0.17165702911834782	0.0067215	0.00011
0.118	0.1703	-0.1337	-7.330382858376184e-05	0.00010995574287564276	0.0018517943363659836	1.18447995	58.04567337	1.01815519	0.23632630170295604	0.00890797	0.00017
0.1121	0.0085	-0.1646	-4.71238898038469e-05	-0.00015533430342749534	0.001801179788058148	1.15898979	56.79652405	1.00595696	0.2157042266695444	0.00650626	0.00012
0.1121	0.0884	-0.13	-5.4105206811824215e-05	-0.00012740903539558605	0.0018814649336498872	0.97222775	47.64421082	0.93783408	0.12025958653158128	0.00744754	0.0003
0.1089	-0.0301	-0.1568	-8.203047484373349e-05	-0.0002565634000431664	0.0016528268016386303	1.19296479	58.46147156	1.03880093	0.16778588823453733	0.00763893	0.00022
0.1046	0.1517	-0.1193	-4.537856055185256e-05	-0.00026878070480712676	0.0017470745812463236	1.34013462	65.6735611	1.11727589	0.2307558499331767	0.00813454	0.00026
0.1098	-0.0581	-0.1706	-0.00021118483949131387	-0.0006003932626860494	0.001858775653373961	1.40252483	68.73100281	1.14939922	0.2967559954473011	0.00945818	0.00163
0.109	0.0883	-0.119	5.061454830783555e-05	-0.0006667157742618339	0.0021118483949131386	1.29826593	63.62177658	1.10740344	0.22785973204570556	0.0087617	0.00057
0.1072	0.0201	-0.1439	0.00046949356878647465	-0.0004136430327226561	0.002150245638457014	1.09176564	53.50218964	1.00067586	0.13041745027808463	0.00680399	0.00024
0.1062	0.094	-0.0962	0.00043458698374658803	-0.00032812189937493397	0.002209586833024821	1.05945003	51.91855621	0.97250627	0.13158844564777075	0.00746191	0.00046
0.1061	-0.0407	-0.1253	0.0003647738136668148	-0.00034208453339088857	0.0021746802479849347	1.16067457	56.87908554	1.0160322	0.1698341194567807	0.00675935	0.00022
0.1026	0.1263	-0.0756	0.0005061454830783556	-0.0003385938748868999	0.0022410027595607188	1.22991955	60.27244949	1.05201497	0.23075924197456563	0.0079661	0.00021
0.1019	-0.0626	-0.1498	0.0008587019919812101	-0.00034906585039886593	0.0021135937241651332	1.34677827	65.99913025	1.10412163	0.28832187599052034	0.00794429	0.00044
0.1027	-0.0039	-0.0854	0.0005235987755982988	-0.0002844886680750757	0.0022322761133007477	1.15604889	56.65240097	1.02222306	0.14981813939211575	0.00784916	0.00053
0.1045	0.0175	-0.1127	0.0006527531402458793	-0.0002670353755551324	0.0022462387473167022	1.07062256	52.46606827	0.98578406	0.05852851455917391	0.00710773	0.00024
0.1079	-0.0251	-0.1004	0.0009023352232810684	-0.000317649923862968	0.002267182698340634	1.01591086	49.78491211	0.96910352	0.07435702911834781	0.00788856	0.0002
0.1125	-0.0441	-0.1571	0.000874409955249159	-0.00034033920413889426	0.002288126649364566	1.0252372	50.24194717	0.96510991	0.08387792496658839	0.00700963	0.00015
0.1151	0.0529	-0.1232	0.0006894050545377602	-0.00033684854563490564	0.0023352505391684127	1.07204807	52.53592682	0.97538484	0.1452809724509617	0.00719178	0.00021
0.1134	0.0017	-0.1583	0.000736528944341607	-0.00032812189937493397	0.002143264321449037	1.02765787	50.36057281	0.95883523	0.10039183768915971	0.00648713	0.00018
0.1116	0.073	-0.1279	0.0009040805525330626	-0.000291469985083053	0.0021048670779051613	1.01459408	49.72037888	0.95517735	0.11563003830136057	0.00647837	9e-05
0.1109	-0.0263	-0.1643	0.0009162978572970229	-0.00028623399732707005	0.0019774580425095754	1.04714525	51.31555557	0.96637701	0.14364311639577643	0.00720662	0.00027
0.1133	0.0213	-0.1327	0.0007243116395776468	-0.0002583087292951608	0.00199142067652553	1.01230395	49.60815048	0.95437159	0.093293705988362	0.0066579	0.00018
0.112	0.0592	-0.1374	0.0008674286382411819	-0.00011693705988362007	0.001960004749989632	0.99548829	48.78409958	0.9476156	0.05969522973054866	0.00601012	8e-05
0.1143	0.0125	-0.1168	0.000736528944341607	-0.00022689280275926284	0.002050761871093337	0.97475177	47.76790237	0.93732813	0.08618062789394612	0.00654787	0.00019
0.1131	0.057	-0.148	0.000947713783832921	-0.0002652900463031381	0.001933824811209717	1.00572968	49.28598022	0.9564817	0.09522595714594045	0.00682992	0.00027
0.1163	-0.0177	-0.1168	0.0006754424205218055	-0.0002548180707911721	0.0020717058221172693	1.06914127	52.39347839	0.99671439	0.13013121748653167	0.00708693	0.0001
0.1199	0.1195	-0.1396	0.0008203047484373349	-0.00015707963267948963	0.0022427480888127134	1.21898544	59.73661804	1.05939239	0.1842821516361328	0.00748253	0.00015
0.1213	-0.0787	-0.1611	0.0008272860654453122	-0.00019198621771937622	0.002267182698340634	1.34183121	65.75669861	1.10560444	0.22441612557878923	0.00830418	0.00033
0.1154	0.0973	-0.1329	0.0010088003076527223	-0.00015707963267948963	0.0022270401255447643	1.24626017	61.07322311	1.04837805	0.22292817000215837	0.00740904	0.00016
0.1172	-0.1313	-0.1544	0.0008115781021773631	-0.0001361356816555577	0.0021642082724729686	1.35352015	66.32952118	1.09397853	0.2659499004785543	0.00894576	0.00017
0.1167	0.0187	-0.1139	0.0009162978572970229	-0.0001308996938995747	0.0023422318561763904	1.22369409	59.96736526	1.04452409	0.20539896632895324	0.00736976	0.00041
0.1149	0.068	-0.1432	0.0010838494654884787	-0.0001186823891356144	0.002368411794956305	1.05618358	51.75848007	0.98690675	0.09069744258676654	0.00738847	8e-05
0.115	-0.1164	-0.1541	0.0009581857593448868	-3.839724354387525e-05	0.002305579941884509	1.23268759	60.40809631	1.05798321	0.20883903524035632	0.00914508	0.00032
0.1168	0.0009	-0.1331	0.00039269908169872416	-0.000486946861306418	0.0025045474766118626	1.14584017	56.1521225	1.03080274	0.20075019150680287	0.00867808	0.00088
0.1172	0.2876	-0.1221	0.0011466813185602744	-0.000460766922526503	0.0029164451800825246	1.58672702	77.75786591	1.24201461	0.3577029939556064	0.0170126	0.00261
0.1175	-0.0715	-0.169	0.0008482300164692441	-0.0005061454830783556	0.002583087292951608	1.76077664	86.28720093	1.28755429	0.4401593874886901	0.00777012	0.00013
0.1139	-0.048	-0.1536	0.0009930923443847736	-0.00042760566673861073	0.0024609142453120045	0.83358574	40.85003281	0.88670083	0.05977875959474389	0.00732893	0.00014
0.1153	-0.0399	-0.1335	0.0007120943348136865	-0.00029321531433504735	0.002663372438543347	0.86559927	42.41886139	0.8997706	0.06049232776029963	0.00747585	0.00012
0.1162	0.1288	-0.1315	0.0008098327729253688	-0.0002740166925631097	0.00277332818141899	1.17157388	57.41320801	1.02216162	0.18294464013796316	0.00915205	0.00014
0.1139	-0.1245	-0.1393	0.0006667157742618339	-0.00026878070480712676	0.0026668630970473357	1.38891947	68.06427002	1.11114567	0.2761409035395585	0.00920874	0.00017
0.1166	0.1291	-0.1218	0.0007853981633974483	-0.0003193952531149623	0.0028274333882308137	1.42377651	69.77244568	1.12066368	0.29029336143134643	0.00932819	0.00013
0.1178	-0.0938	-0.1469	0.0007976154681614085	-0.00028797932657906436	0.0028675759610266834	1.28982258	63.20800781	1.06001328	0.25338879020478633	0.00845098	0.00011
0.1146	0.0292	-0.1161	0.0007208209810736582	-0.0003438298626428829	0.002806489437206882	1.00683188	49.33999634	0.9388481	0.1666865773485685	0.00737768	5e-05
0.1156	-0.0109	-0.1481	0.0008237954069413235	-0.0003944444109507184	0.002823942729726825	0.84041375	41.18463898	0.87867217	0.0816521133347722	0.00727808	8e-05
0.1173	0.025	-0.1254	0.0006998770300497262	-0.000317649923862968	0.0030211649352021846	0.81551796	39.96461868	0.87115568	0.08019675347273539	0.00732148	0.0001
0.1166	-0.0409	-0.144	0.0007138396640656808	-0.00033684854563490564	0.0029722957161463434	0.85975665	42.13254166	0.88304879	0.08930152374218665	0.00735003	8e-05
0.1168	0.0598	-0.1309	0.000619591884457987	-0.00035430183815484887	0.002935643801854462	0.88850462	43.54134369	0.88962935	0.12141764932097592	0.00723481	8e-05
0.1132	-0.009	-0.1281	0.000609119908946021	-0.0003665191429188092	0.002780309498426967	0.81770563	40.07182312	0.86480421	0.08410117918517107	0.00694412	9e-05
0.1115	0.0309	-0.1462	0.000804596785169386	-0.0004747295565424576	0.002647664475275398	0.80725062	39.55947495	0.86474986	0.08151661564992913	0.0069716	0.0001
0.1047	-0.062	-0.1391	0.0006475171524898963	-0.0004328416544945937	0.0024731315500759648	0.89322227	43.77253342	0.90176037	0.1254750229963393	0.00660861	8e-05
0.1052	0.1495	-0.1284	0.0005724679946541401	-0.0004520402762665313	0.0025569073541716926	1.23307753	60.42720413	1.03624885	0.23160117918517104	0.00852484	0.0001
0.1049	-0.0558	-0.1568	0.0006527531402458793	-0.00048171087355043494	0.00243473430653209	1.18705654	58.17193985	1.01014534	0.24560643952576228	0.00637561	4e-05
0.1036	0.0323	-0.1334	0.000609119908946021	-0.0005113814708343385	0.00244695161129605	0.83974427	41.15183258	0.8692851	0.1170760566673861	0.00575113	6e-05
0.1025	-0.0567	-0.1437	0.0005009094953223725	-0.00043458698374658803	0.0024172810140121463	0.85787517	42.04034042	0.88127918	0.11113377489976511	0.00627077	7e-05
0.1033	0.0727	-0.1437	0.0006562437987498679	-0.0004468042885105483	0.002389355745980237	0.95670569	46.88354874	0.91914211	0.13997384381116829	0.00619084	7e-05
0.0995	-0.0251	-0.1428	0.000757472895365539	-0.0003822271061867582	0.0023020892833805202	0.88229591	43.23708344	0.89018596	0.11515363707695889	0.00561112	0.0001
0.0981	0.0388	-0.1653	0.000890117918517108	-0.00033335788713091696	0.0022130774915288098	0.84403121	41.36191559	0.88026579	0.10132630170295603	0.00636977	9e-05
0.0986	0.0031	-0.1477	0.0006684611035138282	-0.00037350045992678646	0.0021956241990088664	0.88447309	43.3437767	0.90141858	0.06776263401595463	0.00607783	7e-05
0.0991	0.1574	-0.1419	0.0007243116395776468	-0.00041189770347066176	0.002366666465704311	1.10807848	54.30160522	0.99304427	0.17386450231515693	0.00883913	0.00021
0.099	-0.0937	-0.1537	0.0006702064327658224	-0.0003577924966588376	0.0022898719786165604	1.36467147	66.87599182	1.0916079	0.27225024503556994	0.00727344	0.00012
0.0984	0.1392	-0.1327	0.0007016223593017205	-0.0003159045946109737	0.002281145332356589	1.33164763	65.25765228	1.0780069	0.25860152374218653	0.00847083	0.00014
0.098	-0.0878	-0.1574	0.000731292956585624	-0.0002617993877991494	0.002176425577236929	1.3168925	64.53457642	1.06940646	0.26152477796076934	0.00694835	9e-05
0.0992	0.0496	-0.1483	0.0006702064327658224	-0.000317649923862968	0.00222529479629277	1.00108194	49.05821609	0.93799128	0.15599031394697307	0.00600106	8e-05
0.0989	-0.0406	-0.1654	0.0005410520681182421	-0.00024085543677521747	0.0023212879051524586	0.88879412	43.55553055	0.89340125	0.12269709802975096	0.00624579	8e-05
0.0925	0.0277	-0.1827	0.0007173303225696694	-0.0004904375198104066	0.002155481626212997	0.99431556	48.72662735	0.95890876	0.1215833308213039	0.00730276	0.00012
0.0824	-0.0268	-0.1037	0.0010611601852125523	-0.0009232791743050004	0.0014538592669112763	1.10919702	54.35641479	1.03785086	0.21751469382195987	0.00601542	0.00012
0.0816	-0.0895	-0.1264	0.0006422811647339132	-0.0009512044423369096	0.0015760323145508795	0.99450547	48.73593521	0.97093832	0.11464886680750756	0.00750762	0.00053
0.0829	-0.0163	-0.1218	0.0011763519158441782	-0.0009896016858807848	0.0018325957145940458	0.96158338	47.12258148	0.94283781	0.12055156973486532	0.00682873	0.00011
0.0812	0.0862	-0.1165	0.0013369222070276565	-0.0009529497715889039	0.0018360863730980347	0.95937467	47.01434326	0.93473601	0.1195356431989674	0.00638741	8e-05
0.0841	0.0082	-0.1058	0.0011013027580084218	-0.0009669124056048585	0.001912880860185785	0.93140382	45.64362717	0.91724334	0.10791882850614697	0.00617504	7e-05
0.0869	0.0184	-0.1286	0.0010890854532444615	-0.0009337511498169664	0.001947787445225672	0.88226461	43.23554993	0.90102327	0.03981425727958696	0.00574708	7e-05
0.0861	-0.0209	-0.0959	0.0009162978572970229	-0.0008761552845011534	0.0019041542139258136	0.90807754	44.5005188	0.90583711	0.08650083462815548	0.00595164	7e-05
0.0839	-0.0362	-0.1235	0.0011327186845443199	-0.0009512044423369096	0.001790707812546182	0.89782959	43.9983139	0.90472776	0.06534581932313424	0.00573993	8e-05
0.0814	-0.068	-0.0923	0.0009424777960769379	-0.0009162978572970229	0.0018308503853420514	0.90846515	44.51951218	0.91201814	0.07876450231515691	0.00651497	0.0001
0.0813	-0.1019	-0.1253	0.0010663961729685354	-0.000921533845053006	0.001785471824790199	0.90312421	44.25777817	0.90401611	0.07572664625997164	0.00655979	8e-05
0.085	-0.0966	-0.0962	0.0010245082709206715	-0.0007941248096574199	0.001820378409830086	0.8805474	43.15139771	0.90198123	0.04831017612416685	0.00747055	9e-05
0.0855	-0.0777	-0.1337	0.0009372418083209549	-0.0007958701389094143	0.0018029251173101424	0.8933506	43.77882004	0.90384499	0.06222325421858274	0.00608474	0.00011
0.0824	0.0452	-0.0922	0.0010314895879286487	-0.0007696902001294993	0.0018360863730980347	1.04980826	51.44606018	0.96335334	0.17517944870877508	0.00644559	0.00011
0.0827	-0.0564	-0.1369	0.0010367255756846318	-0.000783652834145454	0.0017645278737662671	1.02021742	49.99595642	0.95030423	0.15113785605518526	0.00619787	0.0001
0.0863	-0.0129	-0.1081	0.0008831366015091308	-0.0008726646259971648	0.0018727382873899156	0.9556911	46.83382797	0.93013934	0.09344055898254301	0.00636226	9e-05
0.0908	0.0753	-0.1365	0.0008412486994612669	-0.0009843656981248017	0.0019303341527057286	0.99774075	48.89448166	0.95502002	0.13165924197456572	0.00716954	0.00014
0.0902	-0.0772	-0.1278	0.0007714355293814937	-0.0008691739674931761	0.0018762289458939042	1.07436752	52.64958954	0.96965167	0.1737555053761612	0.00600755	7e-05
0.088	0.042	-0.1315	0.0008988445647770796	-0.000905825881785057	0.0018814649336498872	0.97443056	47.75215912	0.92894304	0.13356484687217252	0.00580508	0.00011
0.0837	-0.1167	-0.1313	0.0006894050545377602	-0.0009389871375729493	0.0016388641676226754	1.09809983	53.81259918	0.9916216	0.1874600766027212	0.00734037	0.00034
0.0828	0.057	-0.1101	0.0005183627878423159	-0.0011257373675363424	0.0015969762655748114	1.21297145	59.44190216	1.0375799	0.21578401993533505	0.00712621	0.00018
0.0869	0.0509	-0.1418	0.000445058959258554	-0.0011327186845443199	0.001689478715930511	0.95848733	46.97085953	0.93947421	0.05053937979737196	0.00523508	7e-05
0.0861	0.1068	-0.1104	0.00032637657012293966	-0.0010733774899765126	0.001710422666954443	0.94323748	46.22353745	0.92142313	0.09804837673636768	0.00651503	0.00011
0.0836	-0.0299	-0.1438	0.0003001966313430247	-0.001043706892692609	0.0015306537539990272	1.0659132	52.2352829	0.96404891	0.18438097245096172	0.00481904	4e-05
0.0802	0.0569	-0.1134	0.00033335788713091696	-0.0008674286382411819	0.0015515977050229591	0.93778598	45.95638657	0.91286631	0.13211917306316256	0.00544578	7e-05
0.0791	-0.1029	-0.1456	0.0005532693728822024	-0.0008255407361933179	0.001481784534943186	1.11844063	54.80940247	0.98367417	0.20968062789394612	0.00606573	5e-05
0.0794	0.0371	-0.1107	0.0006213372137099814	-0.0007243116395776468	0.0015638150097869194	1.04596329	51.25763702	0.95238544	0.1877663706143592	0.00504881	8e-05
0.0746	-0.1169	-0.1416	0.000757472895365539	-0.0006911503837897545	0.0013683381335635543	1.10611904	54.20557785	0.97903109	0.20793869068334073	0.00685239	0.00015
0.0739	0.0282	-0.1085	0.0007138396640656808	-0.0007225663103256524	0.0013124875974997359	1.14860213	56.28747177	1.00719739	0.18544498469497875	0.00568014	0.0002
0.0775	-0.0724	-0.1286	0.0007155849933176752	-0.0006387905062299246	0.0013107422682477415	1.14203823	55.96580505	1.01190447	0.12866332312998582	0.00682026	0.00017
0.0753	0.0893	-0.094	0.0005410520681182421	-0.0005532693728822024	0.0012758356832078548	1.22026682	59.79941177	1.04510255	0.2132480321793521	0.00645471	0.00014
0.0764	0.0098	-0.1242	0.000640535835481919	-0.0005532693728822024	0.0012636183784438947	1.02364719	50.16402817	0.96495207	0.11638505360638184	0.00654846	0.00021
0.0766	0.0796	-0.11	0.0006684611035138282	-0.0005497787143782138	0.001356120828799594	1.0784061	52.84750366	0.9851908	0.09039591884457987	0.00674874	0.00052
0.0807	0.0046	-0.1511	0.0007225663103256524	-0.0005742133239061344	0.0014660765716752368	1.14085317	55.9077301	1.0342162	0.12962477796076935	0.00616246	0.00023
0.0827	0.0414	-0.1051	0.0004328416544945937	-0.0006161012259539982	0.0016458454846306526	1.0798949	52.92045975	0.98499799	0.11036907354171692	0.00610954	0.00063
0.0815	-0.0298	-0.1145	0.0006265732014659643	-0.0007173303225696694	0.0014259339988793671	1.11705327	54.74141693	1.0028505	0.10754360646691637	0.00566655	0.00024
0.0763	0.009	-0.0946	0.0007766715171374765	-0.0007138396640656808	0.001322959573011702	0.9858098	48.30980301	0.94430167	0.0767281700021583	0.00623047	0.00016
0.0768	-0.0796	-0.1141	0.0008272860654453122	-0.0006981317007977319	0.001291543646475804	1.01433694	49.70778275	0.95882053	0.11348692190558408	0.00680423	0.00026
0.0741	-0.1131	-0.1083	0.000900589894029074	-0.0006579891280018621	0.0011344640137963143	0.95420569	46.76103592	0.94173345	0.05552630170295605	0.00759941	0.00028
0.0733	-0.0326	-0.1086	0.0005899212871740833	-0.0008150687606813518	0.0009599310885968812	1.08700669	53.2689743	0.99691482	0.11371405823669568	0.0084278	0.00077
0.0732	0.1522	-0.1081	0.0011955505376161158	-0.0009302604913129776	0.0010576695267085637	1.30379009	63.89249039	1.10922624	0.22632797095926704	0.00961441	0.00041
0.0715	-0.0696	-0.0974	0.0009599310885968812	-0.0008883725892651138	0.0009843656981248017	1.34973347	66.14395142	1.10650596	0.25174055898254305	0.00691235	0.0002
0.0712	0.0536	-0.0952	0.0009407324668249436	-0.00102799892942466	0.001022762941668677	1.15507722	56.60478592	1.01992786	0.1355611102737679	0.00713593	0.00034
0.0655	-0.1332	-0.1035	0.000905825881785057	-0.0009878563566287904	0.0008080874436733745	1.37084126	67.17834473	1.1317815	0.21528623279155287	0.00911325	0.00041
0.0637	0.0649	-0.0794	0.0008639379797371932	-0.0010995574287564276	0.0008237954069413235	1.35942149	66.61871338	1.10627602	0.23246484687217248	0.00761467	0.00049
0.0638	-0.1369	-0.0832	0.0006021385919380437	-0.0010297442586766543	0.0007138396640656808	1.34301877	65.81489563	1.10273814	0.22777841503772825	0.00871015	0.00027
0.0605	0.0217	-0.0664	0.000593411945678072	-0.001043706892692609	0.0005916666164260777	1.14441776	56.08241653	1.00301292	0.18594311639577643	0.006787	0.00016
0.0562	-0.1306	-0.0806	0.000598647933434055	-0.0009250245035569946	0.00046425758103049166	1.14509952	56.11582565	1.01410275	0.18336637061435915	0.00844759	0.00033
0.0563	0.0372	-0.0805	0.0006126105674500097	-0.0009197885158010115	0.0005742133239061344	1.23658824	60.59925079	1.04564509	0.174457718232379	0.00664067	0.00023
0.056	-0.1823	-0.0994	0.0006824237375297829	-0.0009075712110370514	0.0004625122517784973	1.38575995	67.90943909	1.13140248	0.24838657734856848	0.011359	0.00069
0.0561	0.0476	-0.0592	0.0005864306286700947	-0.0008587019919812101	0.000445058959258554	1.4582144	71.46008301	1.15597816	0.2783157810217736	0.00721264	0.00031
0.0599	-0.1216	-0.0788	0.000731292956585624	-0.0007609635538695277	0.000486946861306418	1.22605646	60.08313751	1.04856209	0.20682443340375375	0.00896776	0.00039
0.0586	0.0535	-0.0563	0.0006771877497737998	-0.0007592182246175333	0.0004572762640225143	1.2342577	60.48504257	1.0491427	0.20317605666738608	0.00744176	0.00017
0.0578	-0.0878	-0.0914	0.0008377580409572782	-0.000710349005561692	0.00031415926535897925	1.14143085	55.93604279	1.00657396	0.19482782544514277	0.00815547	0.00018
0.0561	0.0553	-0.0641	0.000705113017805709	-0.0006841690667817771	0.00030368728984701333	1.13791811	55.76389694	1.01140981	0.18056484687217247	0.00678217	0.00012
0.0551	-0.0963	-0.0935	0.0007278022980816354	-0.0006562437987498679	0.0002530727415391778	1.16155565	56.9222641	1.01276613	0.1870614548307836	0.00769371	0.00024
0.0589	0.0691	-0.0638	0.0005166174585903216	-0.000661479786505851	0.0003961897402027128	1.21450925	59.51726151	1.0385417	0.2168768912955416	0.00703001	9e-05
0.0603	-0.1304	-0.0947	0.0005358160803622592	-0.0005061454830783556	0.000445058959258554	1.30622518	64.01181793	1.07816308	0.2429701072127637	0.00848031	0.00021
0.0603	0.0234	-0.0288	0.0005811946409141118	-0.00038048177693476387	0.0006544984694978735	1.21008885	59.30064011	1.03890137	0.23872408884673815	0.00763732	0.00015
0.0644	-0.1986	-0.0543	0.0007120943348136865	-0.0005270894341022875	0.0007539822368615504	1.35414195	66.35999298	1.10191524	0.27044955592153874	0.0114992	0.00039
0.0663	-0.066	-0.031	0.0006056292504420323	-0.000582939970166106	0.0008098327729253688	1.11258829	54.5226059	1.00133609	0.16870830782496454	0.0085842	0.00035
0.0665	-0.1507	-0.0401	0.0005445427266222308	-0.0005270894341022875	0.0007853981633974483	1.08020031	52.9354248	0.9965906	0.10106858347057703	0.0101178	0.00037
0.0651	-0.0174	-0.0194	0.0005811946409141118	-0.0005375614096142535	0.0007016223593017205	1.15935898	56.81461334	1.02954315	0.16194498469497867	0.00800884	0.00015
0.066	-0.0695	-0.0619	0.0006440264939859076	-0.0006649704450098395	0.0006579891280018621	1.00172853	49.08990479	0.95374693	0.107193705988362	0.00746864	0.00021
0.0624	-0.0495	-0.0459	0.0007347836150896127	-0.0007225663103256524	0.0005480333851262194	0.89719105	43.96702194	0.90618219	0.05251543646475804	0.00712889	0.00013
0.0599	-0.0884	-0.0494	0.0007243116395776468	-0.0006702064327658224	0.00042411500823462205	0.90516609	44.35784149	0.90799928	0.05423751149816967	0.00781918	0.00021
0.0634	0.0903	-0.044	0.0006492624817418905	-0.000731292956585624	0.0004747295565424576	1.20230353	58.91911697	1.03885787	0.1969375114981697	0.00786942	8e-05
0.061	-0.1429	-0.059	0.0007068583470577034	-0.0006527531402458793	0.0005113814708343385	1.35114801	66.21327209	1.09405542	0.25923937979737194	0.00906515	0.00016
0.0612	0.0411	-0.0513	0.000731292956585624	-0.0006806784082777885	0.000486946861306418	1.19626021	58.62296677	1.0243759	0.19573972435438755	0.00683075	7e-05
0.0601	-0.1269	-0.0626	0.0007539822368615504	-0.0006021385919380437	0.0005497787143782138	1.12966406	55.35940552	0.98903076	0.18860304748437337	0.00826144	0.00012
0.0666	-0.0165	-0.0675	0.0007033676885537148	-0.0006021385919380437	0.0007382742735936014	0.97187012	47.6266861	0.93163678	0.13375550537616118	0.00735146	0.00011
0.0637	-0.131	-0.0712	0.0007487462491055673	-0.0005951572749300663	0.0007208209810736582	1.01416707	49.69945526	0.94942032	0.12459065850398864	0.00821412	0.00013
0.0635	-0.0179	-0.0952	0.0008674286382411819	-0.0006544984694978735	0.0006632251157578452	1.02221572	50.09388351	0.96080092	0.1490809724509618	0.00586104	6e-05
0.0574	-0.1028	-0.0714	0.0008395033702092724	-0.00062482787221397	0.0005305800926062762	0.96965015	47.51789474	0.93941179	0.1243120444233691	0.00720292	9e-05
0.056	-0.0544	-0.1049	0.001022762941668677	-0.0007295476273336296	0.0003892084231947355	0.90711117	44.45315933	0.92171069	0.10476754979953024	0.00601739	9e-05
0.0571	-0.0534	-0.0773	0.0008482300164692441	-0.0006911503837897545	0.00043458698374658803	0.83952242	41.14096069	0.88401326	0.042615436464758016	0.00684834	0.00012
0.0569	-0.0454	-0.096	0.0008761552845011534	-0.0008761552845011534	0.0003647738136668148	0.83010805	40.67960739	0.87863463	0.041037166941154085	0.00604957	8e-05
0.0563	-0.1024	-0.0794	0.0007539822368615504	-0.0007452555906015787	0.00033684854563490564	0.84525001	41.4216423	0.88334081	0.08824990047855434	0.00709677	0.00012
0.0607	0.0243	-0.0922	0.0009180431865490173	-0.0007330382858376184	0.0004258603374866164	0.98218817	48.13232422	0.93491005	0.15716450231515688	0.00566965	7e-05
0.0563	-0.1585	-0.0997	0.000783652834145454	-0.000710349005561692	0.00027750735106709843	1.19172347	58.4006424	1.04807927	0.2099716309549504	0.0100433	0.00077
0.0574	0.0738	-0.0816	0.001265363707695889	-0.0008464846872172499	0.00045553093477052	1.37959778	67.60746002	1.12539081	0.29129350694547074	0.00751209	0.0001
0.0591	-0.073	-0.1006	0.0010053096491487337	-0.0006981317007977319	0.0004537856055185257	1.08251822	53.04901505	0.97249235	0.18800761871093333	0.00665039	9e-05
0.059	0.0976	-0.0713	0.0008569566627292158	-0.0006649704450098395	0.0004485496177625427	1.13608706	55.67417145	0.9937556	0.20933751149816968	0.00750476	0.0002
0.0591	-0.1351	-0.1072	0.0007382742735936014	-0.0005951572749300663	0.0004049163864626844	1.31165421	64.27787018	1.06251522	0.2803064395257623	0.00806767	0.0001
0.0552	0.0335	-0.0935	0.0007819075048934597	-0.0005585053606381855	0.00033684854563490564	1.11354661	54.56956863	0.98394218	0.19361764932097583	0.00701559	0.00024
0.0531	-0.1873	-0.0942	0.0007190756518216638	-0.0003717551306747922	0.0003054326190990077	1.30542612	63.97266388	1.07161262	0.2376499004785544	0.0108139	0.00021
0.0544	0.0059	-0.0787	0.0007731808586334879	-0.00034906585039886593	0.00034557519189487725	1.19475484	58.54919434	1.02191958	0.21584685299418097	0.0062992	0.00014
0.0504	-0.1712	-0.0793	0.0008115781021773631	-0.00033335788713091696	0.0002565634000431664	1.16052091	56.87155533	1.013241	0.18885584993317672	0.00996941	0.00015
0.0517	0.0019	-0.0876	0.0006946410422937432	-0.0003717551306747922	0.000158824961931484	1.14282107	56.00416946	1.00429443	0.19535363707695888	0.00600123	8e-05
0.0494	-0.0906	-0.0675	0.0007225663103256524	-0.0003211405823669566	0.00011693705988362007	0.96522671	47.30112457	0.93225965	0.1209213859193804	0.00731963	0.00012
0.0478	-0.0109	-0.0885	0.0008429940287132613	-0.00028623399732707005	6.981317007977319e-05	0.92262071	45.21320724	0.91577295	0.11242290966156708	0.00634247	0.00014
0.0424	-0.0212	-0.0623	0.0007400196028455958	-0.00027576202181510406	-0.0001239183768915974	0.85755819	42.02480698	0.89178632	0.057258897417550095	0.00775677	0.00012
0.0424	-0.0297	-0.0887	0.0006946410422937432	-0.0003717551306747922	-0.00018151424220741024	0.85777193	42.03528214	0.89523072	0.04484837673636768	0.00657684	0.00011
0.0404	0.0255	-0.0483	0.000614355896702004	-0.000450294947014537	-0.0002652900463031381	0.92392367	45.27706146	0.91549463	0.1097300383013606	0.00754654	0.00014
0.0387	-0.0512	-0.0785	0.0008220500776893293	-0.00042411500823462205	-0.0003577924966588376	0.95951897	47.02141571	0.93073621	0.124918828506147	0.00729388	0.00014
0.0405	-0.0413	-0.0427	0.0006300638599699529	-0.00048171087355043494	-0.0003211405823669566	0.88564825	43.40136719	0.90825862	0.06181169986635352	0.00811261	0.00011
0.0441	-0.0959	-0.077	0.0004468042885105483	-0.0004433136300065597	-0.00032812189937493397	0.8790139	43.07624817	0.89963986	0.10393190660056285	0.00816089	0.00013
0.0438	0.0304	-0.035	0.0004939281783143952	-0.00035604716740684323	-0.00017453292519943296	1.04670393	51.29393005	0.96806749	0.1829989663289532	0.00825024	0.00028
0.0466	-0.1454	-0.0754	0.0005009094953223725	-0.0002565634000431664	-0.000158824961931484	1.16866624	57.27071762	1.00732422	0.22510865238198016	0.00918537	0.0001
0.0452	-0.0794	-0.0421	0.0004729842272904633	-0.0002583087292951608	-0.0001675516081914556	0.90659374	44.42780304	0.90816715	0.10261986217719377	0.00800771	8e-05
0.0475	-0.0884	-0.0758	0.0006003932626860494	-0.00027925268031909274	-0.00015184364492350666	0.86223513	42.25400162	0.89446765	0.05320304748437337	0.0081389	0.00016
0.0476	-0.113	-0.0696	-0.00014486232791552936	-0.00039095375244672985	-0.0001972222054753592	0.87234175	42.74927902	0.91681931	0.07601676116405343	0.0095709	0.00032
0.0382	0.0781	-0.0724	-0.0009197885158010115	-0.0007557275661135446	-0.0005654866776461627	1.2804203	62.74724579	1.08489862	0.27869822368615504	0.00951302	0.00026
0.0357	0.1249	-0.0893	-0.00038571776469074686	-0.0008237954069413235	-0.0005951572749300663	0.96219718	47.15266037	0.95137268	0.09779045946109731	0.00850332	0.00011
0.0323	0.1805	-0.0575	-0.0004049163864626844	-0.0008813912722571365	-0.0005794493116621174	0.91911805	45.04156113	0.91821338	0.09542512251778495	0.0108189	0.00042
0.0307	0.0297	-0.1018	-0.0002722713633111154	-0.0008360127117052838	-0.0007819075048934597	1.10051656	53.93102646	0.98375386	0.21572408884673816	0.00727719	7e-05
0.0286	0.0448	-0.063	-0.00021642082724729686	-0.0007941248096574199	-0.0007941248096574199	0.91353506	44.76796341	0.91994486	0.06149778714378214	0.00887316	0.00012
0.0336	-0.0026	-0.0962	-0.00024260076602721178	-0.0007382742735936014	-0.0008220500776893293	0.92168683	45.16744232	0.91991023	0.09109778714378211	0.00899601	0.00014
0.0343	-0.004	-0.0559	-0.0005235987755982988	-0.0006544984694978735	-0.0007766715171374765	0.88267452	43.25563812	0.90623629	0.06290761871093338	0.00965524	0.00021
0.0398	-0.0514	-0.0935	-0.0005148721293383271	-0.0005567600313861911	-0.0007330382858376184	0.87094522	42.68083954	0.89110731	0.0980049157835756	0.00980514	0.00014
0.0366	0.0054	-0.0677	-0.000635299847725936	-0.0004799655442984406	-0.0007609635538695277	0.89602512	43.90988541	0.90486762	0.09705737367536343	0.00978625	0.00018
0.0356	-0.0275	-0.1104	-0.0002303834612632515	-0.0003787364476827695	-0.0008883725892651138	0.90468371	44.33420181	0.90769477	0.10827772592369708	0.00939184	0.00013
0.0355	0.0612	-0.0787	-0.00018675022996339323	-0.0003665191429188092	-0.0008569566627292158	0.93440443	45.7906723	0.91410285	0.12486332312998583	0.00980067	0.00019
0.0304	-0.021	-0.1024	0.00018675022996339323	-0.00040840704496667313	-0.0010053096491487337	0.91884285	45.02807236	0.91174421	0.13918706741970843	0.00945121	0.00019
0.0304	0.0934	-0.0884	0.00028099800957108706	-0.0004799655442984406	-0.0008970992355250854	0.93672609	45.90444565	0.91354812	0.1421008346281555	0.00986499	0.00031
0.0338	-0.0193	-0.0916	0.00028797932657906436	-0.0005270894341022875	-0.0007923794804054256	0.91987598	45.07870102	0.90814878	0.1272412480965742	0.00871181	0.00012
0.0366	0.0943	-0.1097	0.00032812189937493397	-0.0005515240436302081	-0.0007504915783575615	0.93383497	45.76276398	0.91934395	0.13982325421858274	0.00942212	0.0003
0.0354	0.0257	-0.1091	0.0002478367537831948	-0.0006021385919380437	-0.0009861110273767962	0.8932758	43.77515411	0.9023983	0.08872595714594046	0.00952542	0.00017
0.0386	0.0717	-0.1378	0.0002443460952792061	-0.0007871434926494425	-0.0009704030641088471	0.85695189	41.9950943	0.89476308	0.08811017612416681	0.00840348	0.00032
0.0428	0.0138	-0.1303	3.665191429188092e-05	-0.0007819075048934597	-0.0009389871375729493	0.82989502	40.66916656	0.87945529	0.08181730476396029	0.00831652	0.00019
0.0438	-0.0117	-0.1481	-5.235987755982989e-05	-0.0007225663103256524	-0.0008970992355250854	0.78985918	38.70720291	0.86776339	0.053812044423369114	0.00817037	0.00012
0.0473	0.0841	-0.1043	6.108652381980153e-05	-0.000804596785169386	-0.0007138396640656808	0.9708094	47.57470322	0.94076097	0.16203682238413847	0.00858176	0.00017
0.0502	0.0812	-0.1344	0.000158824961931484	-0.0007801621756414653	-0.0006230825429619757	0.96877223	47.47487259	0.94918075	0.0465465084371654	0.00871116	0.0003
0.0524	-0.0964	-0.1187	-0.0002844886680750757	-0.0008604473212332044	-0.0005166174585903216	1.26263094	61.87547684	1.09569835	0.22700319299849764	0.00949407	0.00052
0.0597	0.1308	-0.1009	4.363323129985824e-05	-0.0007888888219014368	-4.0142572795869576e-05	1.38336599	67.79212189	1.1348173	0.2961077642250577	0.00913751	0.00029
0.0617	-0.0477	-0.0988	-0.0002129301687433082	-0.000661479786505851	-2.094395102393195e-05	1.22962773	60.25814819	1.05621749	0.20275855286053449	0.00795662	0.00018
0.0626	0.1182	-0.1102	-8.552113334772214e-05	-0.0007592182246175333	-6.9813170079773176e-06	1.1910845	58.36933136	1.02827132	0.1901555053761612	0.00850224	0.00033
0.0589	-0.066	-0.1232	-0.00022165681500327985	-0.0006579891280018621	-0.00010297442586766544	1.30316424	63.86182022	1.07925103	0.21756789435654583	0.00901753	0.00036
0.0597	0.1217	-0.1055	-0.0002740166925631097	-0.0007033676885537148	-6.632251157578452e-05	1.33388984	65.36753082	1.09999414	0.21291951762017816	0.00813037	0.00022
